Id;Sex;Age;Address;ParentStatus;MotherEducation;FatherEducation;isSchoolSupport;isFamilySupport;isPaidEducation;Activities;Romantic;FamilyRelationshipLevel;Freetime;FriendsWalk;Class
0;female;18;urban;apart;higher;higher;yes;no;no;no;no;4;3;4;VeryLow
1;female;17;urban;together;primary;primary;no;yes;no;no;no;5;3;3;VeryLow
2;female;15;urban;together;primary;primary;yes;no;yes;no;no;4;3;2;Medium
3;female;15;urban;together;higher;general;no;yes;yes;yes;yes;3;2;2;VeryLow
4;female;16;urban;together;secondary;secondary;no;yes;yes;no;no;4;3;2;Low
5;male;16;urban;together;higher;secondary;no;yes;yes;yes;no;5;4;2;Low
6;male;16;urban;together;general;general;no;no;no;no;no;4;4;4;VeryLow
7;female;17;urban;apart;higher;higher;yes;yes;no;no;no;4;1;4;VeryLow
8;male;15;urban;apart;secondary;general;no;yes;yes;no;no;4;2;2;VeryLow
9;male;15;urban;together;secondary;higher;no;yes;yes;yes;no;5;5;1;VeryLow
10;female;15;urban;together;higher;higher;no;yes;yes;no;no;3;3;3;Low
11;female;15;urban;together;general;primary;no;yes;no;yes;no;5;2;2;VeryLow
12;male;15;urban;together;higher;higher;no;yes;yes;yes;no;4;3;3;Medium
13;male;15;urban;together;higher;secondary;no;yes;yes;no;no;5;4;3;Low
14;male;15;urban;apart;general;general;no;yes;no;no;yes;4;5;2;VeryLow
15;female;16;urban;together;higher;higher;no;yes;no;no;no;4;4;4;Low
16;female;16;urban;together;higher;higher;no;yes;yes;yes;no;3;2;3;Low
17;female;16;urban;together;secondary;secondary;yes;yes;no;yes;no;5;3;2;VeryLow
18;male;17;urban;together;secondary;general;no;yes;no;yes;no;5;5;5;High
19;male;16;urban;together;higher;secondary;no;no;yes;yes;no;3;1;3;Medium
20;male;15;urban;together;higher;secondary;no;no;no;no;no;4;4;1;VeryLow
21;male;15;urban;together;higher;higher;no;yes;yes;no;no;5;4;2;VeryLow
22;male;16;urban;together;higher;general;no;no;no;yes;no;4;5;1;Medium
23;male;16;urban;together;general;general;no;yes;no;yes;no;5;4;4;High
24;female;15;rural;together;general;higher;yes;yes;yes;yes;no;4;3;2;VeryLow
25;female;16;urban;together;general;general;no;yes;yes;no;no;1;2;2;Medium
26;male;15;urban;together;general;general;no;yes;yes;no;no;4;2;2;Low
27;male;15;urban;together;higher;general;no;no;yes;no;no;2;2;4;High
28;male;16;urban;apart;secondary;higher;yes;yes;no;yes;no;5;3;3;VeryLow
29;male;16;urban;together;higher;higher;no;yes;yes;yes;yes;4;4;5;VeryHigh
30;male;15;urban;together;higher;higher;no;yes;yes;no;no;5;4;2;High
31;male;15;urban;together;higher;higher;no;yes;no;yes;no;4;3;1;VeryLow
32;male;15;rural;together;higher;secondary;no;yes;no;yes;yes;4;5;2;VeryLow
33;male;15;urban;together;secondary;secondary;no;no;no;yes;no;5;3;2;VeryLow
34;male;16;urban;together;secondary;general;no;yes;yes;no;no;5;4;3;VeryLow
35;female;15;urban;together;general;secondary;no;yes;no;yes;no;3;5;1;VeryLow
36;male;15;urban;together;higher;secondary;no;yes;no;yes;no;5;4;3;VeryLow
37;male;16;rural;apart;higher;higher;no;yes;no;yes;yes;2;4;3;VeryLow
38;female;15;rural;together;secondary;higher;yes;yes;yes;yes;no;4;3;2;VeryLow
39;female;15;rural;together;general;general;yes;yes;yes;yes;no;4;3;1;VeryLow
40;female;16;urban;together;general;general;no;yes;no;yes;yes;3;3;3;Low
41;male;15;urban;together;higher;higher;no;yes;no;no;yes;5;4;3;High
42;male;15;urban;together;higher;higher;no;yes;no;yes;no;4;3;3;VeryLow
43;male;15;urban;together;general;general;yes;yes;no;no;no;5;4;1;VeryLow
44;female;16;urban;together;general;general;yes;no;no;yes;no;4;3;3;Low
45;female;15;urban;apart;higher;secondary;yes;yes;yes;yes;yes;5;2;2;VeryLow
46;female;16;urban;apart;secondary;secondary;no;yes;no;no;no;2;3;5;High
47;male;16;urban;together;higher;secondary;no;no;no;yes;no;4;2;2;VeryLow
48;male;15;urban;together;higher;general;no;yes;yes;no;no;4;3;3;Low
49;female;15;urban;together;higher;higher;yes;yes;no;yes;no;4;4;4;VeryLow
50;female;16;urban;together;general;general;no;yes;yes;no;no;4;3;3;Medium
51;female;15;urban;together;higher;general;no;yes;yes;no;no;4;3;3;VeryLow
52;male;15;urban;apart;higher;general;no;no;no;no;no;5;5;5;High
53;female;15;urban;together;higher;higher;yes;yes;yes;no;no;3;3;4;Medium
54;female;15;urban;apart;secondary;secondary;no;no;yes;no;no;5;3;4;High
55;female;16;urban;apart;general;primary;no;no;yes;yes;yes;5;3;4;VeryLow
56;female;15;urban;apart;higher;secondary;no;yes;yes;yes;no;4;3;2;VeryLow
57;male;15;urban;together;higher;higher;no;yes;no;yes;no;3;2;2;VeryLow
58;male;15;urban;together;primary;general;yes;yes;no;yes;no;4;3;2;VeryLow
59;female;16;urban;together;higher;general;no;yes;no;no;no;4;2;3;VeryLow
60;female;16;rural;together;higher;higher;no;yes;no;yes;no;2;4;4;Medium
61;female;16;urban;together;primary;primary;yes;yes;no;yes;yes;5;5;5;VeryHigh
62;female;16;urban;together;primary;general;yes;no;no;yes;no;4;4;3;VeryLow
63;female;16;urban;together;higher;secondary;yes;yes;yes;yes;no;3;4;4;High
64;female;15;urban;together;higher;secondary;yes;no;no;yes;yes;4;4;4;High
65;female;16;urban;together;higher;secondary;no;yes;no;yes;no;5;4;3;Low
66;male;15;urban;apart;higher;higher;no;yes;no;yes;yes;1;3;3;VeryHigh
67;female;16;urban;together;secondary;primary;yes;yes;yes;no;no;4;3;3;Low
68;female;15;rural;together;general;general;yes;yes;yes;no;no;4;1;3;Medium
69;female;15;rural;together;secondary;primary;no;yes;no;no;no;4;4;2;Medium
70;male;16;urban;together;secondary;primary;no;yes;yes;no;no;4;3;2;VeryLow
71;male;15;urban;together;higher;general;no;no;no;no;no;3;3;3;VeryLow
72;female;15;rural;together;primary;primary;yes;yes;no;no;yes;3;3;4;High
73;male;16;urban;together;secondary;primary;no;no;no;yes;no;5;3;2;Low
74;female;16;urban;together;secondary;secondary;yes;yes;yes;yes;no;4;3;3;High
75;male;15;urban;together;higher;secondary;no;yes;yes;yes;no;4;3;3;Medium
76;male;15;urban;together;higher;none;no;no;no;yes;no;3;4;3;VeryLow
77;female;16;urban;together;general;general;no;no;yes;no;yes;5;2;3;Medium
78;male;17;urban;together;general;primary;yes;yes;no;yes;no;4;5;1;VeryLow
79;female;16;urban;together;secondary;higher;no;yes;no;no;no;2;4;3;Low
80;male;15;urban;together;general;secondary;yes;yes;yes;yes;yes;3;2;2;Medium
81;male;15;urban;together;general;secondary;yes;no;yes;no;no;5;3;2;Low
82;female;15;urban;together;secondary;general;no;yes;yes;no;no;4;4;4;VeryLow
83;male;15;urban;together;general;general;no;no;yes;yes;no;5;3;3;Medium
84;female;15;urban;together;primary;primary;no;yes;no;yes;no;4;3;2;Medium
85;female;15;urban;together;higher;higher;no;no;yes;no;yes;4;4;4;Medium
86;female;16;urban;together;general;general;no;yes;no;no;no;4;3;4;Low
87;female;15;urban;together;higher;general;no;yes;no;yes;no;5;3;3;Medium
88;male;16;urban;together;general;general;no;no;yes;yes;no;4;4;2;VeryLow
89;male;16;urban;apart;higher;higher;no;yes;no;no;no;4;1;3;VeryHigh
90;female;16;urban;together;secondary;secondary;no;yes;yes;no;yes;4;3;3;Medium
91;female;15;urban;together;higher;secondary;no;no;yes;yes;no;4;5;5;Medium
92;female;16;urban;together;secondary;primary;yes;yes;no;no;no;3;3;3;Medium
93;female;16;urban;together;higher;general;no;yes;yes;yes;no;5;3;3;VeryLow
94;male;15;urban;together;general;general;no;yes;no;yes;no;4;3;4;VeryLow
95;female;15;rural;together;primary;primary;yes;yes;yes;yes;no;3;1;2;VeryLow
96;male;16;rural;together;higher;secondary;yes;yes;no;yes;no;3;3;3;VeryLow
97;female;16;urban;together;general;primary;no;yes;yes;no;yes;4;3;5;VeryLow
98;female;16;urban;together;higher;higher;no;no;no;yes;no;5;3;4;Low
99;female;16;urban;together;higher;secondary;yes;yes;yes;no;no;5;3;5;VeryLow
100;male;16;urban;together;higher;higher;yes;yes;yes;yes;no;4;5;5;VeryHigh
101;male;16;urban;together;higher;higher;no;yes;no;yes;yes;4;4;3;VeryLow
102;male;15;urban;together;higher;higher;no;yes;no;yes;no;5;3;3;VeryLow
103;female;15;urban;together;secondary;general;yes;yes;yes;no;no;4;3;5;VeryLow
104;male;15;urban;apart;secondary;higher;no;yes;yes;yes;no;5;4;4;VeryLow
105;female;15;urban;apart;secondary;secondary;yes;no;no;no;no;4;3;3;VeryLow
106;female;15;urban;together;general;general;yes;yes;yes;no;no;5;1;2;VeryLow
107;male;16;urban;together;secondary;secondary;no;yes;no;yes;no;5;3;3;VeryLow
108;male;15;rural;together;higher;higher;no;yes;yes;yes;yes;1;3;5;VeryHigh
109;female;16;urban;together;higher;higher;no;yes;yes;yes;yes;5;4;5;VeryLow
110;male;15;urban;apart;higher;higher;no;no;no;yes;no;5;5;3;VeryLow
111;female;16;rural;together;secondary;secondary;yes;yes;no;yes;no;4;1;2;VeryLow
112;female;16;urban;together;general;general;yes;no;no;yes;no;3;1;2;VeryLow
113;male;15;urban;together;higher;general;no;no;no;no;no;3;5;2;VeryLow
114;male;15;rural;together;general;primary;no;no;no;yes;yes;5;4;2;VeryLow
115;male;16;urban;together;higher;higher;no;yes;no;yes;no;5;4;4;Low
116;male;15;urban;together;higher;higher;no;yes;no;yes;no;4;4;3;VeryLow
117;male;16;urban;together;secondary;secondary;no;no;no;yes;no;5;4;2;VeryLow
118;male;17;rural;together;primary;secondary;no;yes;no;yes;no;5;2;4;High
119;male;15;urban;together;secondary;higher;no;no;no;no;no;3;4;3;Low
120;female;15;urban;together;primary;general;no;no;no;no;no;3;2;3;Low
121;male;15;urban;together;general;general;no;yes;yes;yes;no;5;5;4;Low
122;female;16;urban;together;general;higher;no;yes;yes;yes;yes;4;2;2;Low
123;male;16;urban;together;higher;higher;no;yes;no;yes;no;3;4;4;High
124;female;16;urban;together;general;general;no;no;yes;no;yes;5;4;4;VeryLow
125;male;15;urban;together;secondary;higher;yes;no;no;no;no;5;5;5;Low
126;female;15;urban;apart;secondary;higher;yes;no;no;yes;yes;5;3;2;VeryLow
127;female;19;urban;together;none;primary;no;yes;no;no;no;3;4;2;VeryLow
128;male;18;rural;together;general;general;no;yes;no;yes;no;3;3;3;Low
129;male;16;rural;together;higher;higher;no;no;yes;yes;no;3;5;5;VeryHigh
130;female;15;rural;together;secondary;higher;no;yes;no;no;yes;4;2;2;Low
131;female;15;urban;together;primary;primary;no;yes;no;yes;yes;4;3;3;Low
132;female;17;urban;together;general;general;no;yes;no;no;yes;3;4;4;Medium
133;female;16;urban;apart;secondary;higher;no;no;no;no;no;3;2;1;High
134;male;15;rural;together;secondary;higher;no;yes;no;no;yes;5;3;3;VeryLow
135;female;15;urban;together;higher;higher;no;yes;no;yes;yes;4;3;3;VeryLow
136;male;17;rural;together;secondary;higher;no;no;no;no;no;5;4;5;High
137;female;16;urban;apart;secondary;secondary;no;yes;no;yes;yes;4;3;2;VeryLow
138;male;16;urban;together;primary;primary;no;no;no;no;yes;4;4;4;Medium
139;female;15;urban;together;higher;higher;no;no;no;yes;no;4;3;2;VeryLow
140;male;15;urban;together;higher;secondary;yes;yes;no;no;no;2;2;2;VeryLow
141;male;16;urban;together;general;general;no;yes;no;yes;no;2;3;3;Low
142;female;15;urban;together;higher;higher;no;yes;yes;yes;no;4;2;2;VeryLow
143;female;16;urban;together;primary;primary;no;no;no;no;no;3;4;4;Medium
144;male;17;urban;together;general;primary;no;yes;no;no;no;5;4;5;Low
145;female;15;urban;together;primary;primary;no;yes;yes;no;no;4;4;2;Low
146;female;15;urban;together;secondary;general;no;yes;no;no;no;3;3;2;VeryLow
147;female;15;urban;together;primary;general;no;yes;yes;no;no;4;3;2;VeryLow
148;male;16;urban;together;higher;higher;no;yes;no;no;yes;3;3;2;VeryLow
149;male;15;urban;apart;general;primary;no;no;no;no;no;4;5;5;VeryHigh
150;male;18;urban;together;primary;primary;no;no;no;no;yes;2;3;5;VeryHigh
151;male;16;urban;together;general;primary;no;no;no;yes;yes;4;4;4;VeryHigh
152;female;15;rural;together;secondary;secondary;no;yes;yes;yes;yes;4;2;1;Medium
153;male;19;urban;together;secondary;general;no;yes;no;no;yes;4;5;4;VeryLow
154;female;17;urban;together;higher;higher;yes;yes;no;no;yes;4;2;1;VeryLow
155;male;15;rural;together;general;secondary;yes;no;yes;yes;no;4;4;4;VeryLow
156;male;17;rural;together;primary;general;no;no;no;no;no;2;2;2;Medium
157;female;18;rural;together;primary;primary;no;yes;no;yes;no;5;2;5;VeryHigh
158;male;16;rural;together;general;general;no;no;no;no;no;4;2;2;Low
159;male;16;urban;together;secondary;secondary;no;yes;yes;no;yes;4;5;5;High
160;male;17;rural;together;general;primary;no;no;no;yes;yes;3;3;2;Low
161;male;15;rural;together;secondary;general;yes;yes;no;no;yes;4;4;4;High
162;male;16;urban;together;primary;general;no;no;no;yes;no;4;4;4;High
163;male;17;urban;together;primary;secondary;no;no;no;no;no;5;3;3;High
164;male;17;rural;together;primary;primary;no;no;no;yes;yes;5;3;5;VeryHigh
165;male;16;urban;together;secondary;general;no;yes;no;yes;no;4;5;2;VeryLow
166;male;16;urban;together;general;general;no;no;no;no;no;4;3;5;High
167;female;16;urban;together;higher;general;no;no;yes;no;yes;4;2;3;VeryLow
168;female;16;urban;together;general;general;no;yes;yes;no;no;5;1;5;VeryLow
169;female;16;urban;together;higher;higher;no;yes;yes;no;yes;4;4;2;VeryLow
170;male;16;urban;together;secondary;higher;no;yes;no;yes;no;3;4;5;High
171;male;16;urban;together;primary;none;no;yes;yes;yes;yes;4;3;2;VeryLow
172;male;17;urban;together;higher;higher;no;yes;yes;yes;no;4;4;4;Medium
173;female;16;urban;together;primary;secondary;no;no;no;yes;yes;4;3;5;VeryLow
174;female;16;urban;together;secondary;secondary;no;yes;yes;yes;no;4;4;5;VeryLow
175;male;17;urban;together;higher;secondary;no;no;yes;yes;no;4;4;4;High
176;female;16;urban;together;general;general;no;no;yes;yes;no;3;4;4;High
177;male;17;urban;together;secondary;secondary;no;no;no;yes;no;4;3;4;High
178;male;16;rural;together;higher;general;no;yes;no;yes;yes;4;3;3;High
179;male;17;urban;together;higher;secondary;no;yes;no;yes;yes;5;2;3;VeryLow
180;male;16;urban;together;higher;secondary;no;yes;yes;yes;no;3;4;3;Medium
181;male;16;urban;together;secondary;secondary;no;no;yes;yes;yes;4;2;3;Low
182;female;17;urban;together;general;higher;no;yes;no;yes;no;5;4;2;Medium
183;female;17;urban;together;secondary;secondary;no;yes;no;yes;yes;5;3;3;Medium
184;female;16;urban;together;secondary;general;no;yes;yes;no;no;1;2;2;Low
185;male;17;urban;together;secondary;secondary;no;yes;no;yes;yes;4;3;4;Medium
186;male;16;urban;together;primary;general;no;yes;yes;yes;yes;3;3;3;Low
187;male;16;urban;together;general;primary;no;no;yes;yes;yes;4;2;3;Low
188;female;17;urban;apart;secondary;secondary;no;yes;no;no;yes;3;3;3;Medium
189;male;17;rural;together;primary;general;no;no;no;no;no;3;1;3;VeryHigh
190;female;16;urban;together;general;secondary;no;no;no;no;no;4;3;3;VeryLow
191;female;17;urban;together;primary;primary;no;no;no;yes;no;5;3;3;VeryLow
192;male;17;urban;together;primary;general;no;no;yes;yes;no;4;4;4;VeryHigh
193;male;16;rural;together;secondary;secondary;no;yes;no;yes;no;4;3;2;High
194;male;16;urban;together;general;secondary;no;no;no;no;no;5;3;3;VeryLow
195;female;17;urban;together;general;higher;no;no;no;yes;yes;4;3;2;VeryLow
196;male;17;urban;together;higher;higher;no;no;no;no;no;5;2;3;Low
197;male;16;rural;together;secondary;secondary;no;yes;yes;yes;no;3;3;4;VeryHigh
198;female;17;urban;together;higher;higher;no;yes;no;no;no;4;2;4;Medium
199;female;16;urban;together;higher;higher;no;yes;yes;no;no;4;5;2;Low
200;female;16;urban;together;higher;secondary;no;yes;no;yes;no;4;3;5;VeryHigh
201;female;16;urban;together;general;secondary;yes;yes;yes;yes;no;4;4;3;Medium
202;female;17;urban;together;primary;primary;no;yes;yes;no;no;4;4;4;Medium
203;female;17;rural;together;general;general;no;yes;no;no;no;5;3;2;Low
204;female;16;rural;together;general;general;no;yes;yes;yes;no;5;3;5;VeryLow
205;female;17;urban;together;secondary;higher;no;yes;yes;no;yes;4;4;3;High
206;female;16;urban;apart;secondary;primary;no;yes;yes;no;no;2;3;3;Low
207;female;16;urban;together;higher;secondary;no;no;yes;yes;yes;1;3;2;VeryLow
208;female;16;urban;together;primary;primary;no;yes;yes;no;no;4;3;2;High
209;female;17;rural;together;higher;secondary;no;yes;yes;yes;yes;4;4;2;VeryLow
210;female;19;urban;together;secondary;secondary;no;yes;yes;yes;no;4;3;3;Low
211;male;17;urban;together;higher;higher;no;yes;yes;no;yes;5;3;5;VeryHigh
212;female;16;urban;apart;general;general;yes;yes;yes;no;no;3;3;4;VeryLow
213;male;18;urban;together;general;general;no;yes;yes;yes;no;4;4;4;High
214;female;17;rural;together;higher;higher;no;yes;yes;no;no;5;2;1;Low
215;female;17;urban;together;secondary;general;no;no;yes;no;no;4;4;4;Medium
216;female;17;urban;together;higher;secondary;no;no;yes;no;yes;3;4;5;High
217;male;18;urban;together;secondary;secondary;no;yes;yes;no;no;3;2;4;High
218;female;17;urban;together;general;secondary;no;yes;yes;no;no;3;3;3;High
219;female;17;urban;together;general;general;no;yes;yes;yes;no;4;3;3;VeryLow
220;female;17;rural;together;general;primary;no;yes;no;yes;no;4;2;5;Low
221;female;17;urban;together;primary;primary;no;yes;no;yes;yes;4;3;4;VeryLow
222;female;16;urban;together;general;secondary;yes;no;no;no;no;2;3;1;VeryLow
223;male;18;urban;together;general;general;no;yes;yes;no;no;3;3;3;VeryHigh
224;female;16;urban;together;higher;higher;no;yes;no;yes;no;5;3;2;VeryLow
225;female;18;rural;together;secondary;primary;no;no;no;yes;yes;5;3;3;VeryLow
226;female;17;urban;together;secondary;general;no;no;no;yes;no;5;3;4;Medium
227;male;17;urban;together;general;secondary;no;yes;yes;no;no;5;3;3;Medium
228;male;18;urban;together;general;primary;yes;yes;yes;yes;yes;4;3;2;VeryHigh
229;female;17;urban;apart;general;primary;no;no;no;yes;yes;3;2;3;Low
230;female;17;urban;together;higher;secondary;no;no;no;yes;yes;3;2;3;Low
231;male;17;rural;together;general;general;no;yes;yes;yes;no;4;5;2;VeryLow
232;male;17;urban;together;higher;higher;yes;yes;no;yes;yes;4;5;5;Medium
233;male;16;urban;together;higher;higher;no;yes;yes;yes;no;4;2;4;High
234;male;16;urban;together;primary;primary;no;yes;yes;no;no;3;4;2;VeryLow
235;male;16;urban;together;secondary;general;no;no;no;yes;yes;5;3;3;Medium
236;male;17;urban;together;general;general;no;no;yes;yes;yes;4;4;2;VeryHigh
237;female;16;urban;together;general;primary;no;no;no;no;yes;4;5;2;VeryLow
238;female;17;rural;together;general;primary;no;no;no;yes;no;2;1;1;VeryLow
239;male;18;urban;together;general;general;no;no;no;no;no;5;5;4;VeryHigh
240;male;17;urban;together;higher;secondary;no;no;no;yes;yes;2;5;5;High
241;male;17;rural;apart;higher;higher;no;yes;yes;no;no;3;3;3;Medium
242;male;16;urban;together;higher;secondary;no;no;no;yes;no;5;4;5;VeryLow
243;male;16;urban;together;higher;higher;no;no;no;yes;no;5;3;2;Low
244;female;18;urban;together;general;primary;no;yes;yes;no;yes;4;4;4;VeryLow
245;male;16;urban;together;general;primary;no;no;no;no;no;4;3;3;VeryLow
246;male;17;urban;together;general;secondary;no;no;no;no;no;5;2;2;VeryLow
247;male;22;urban;together;secondary;primary;no;no;no;no;yes;5;4;5;VeryHigh
248;male;18;rural;together;secondary;secondary;no;yes;no;no;yes;4;3;3;Medium
249;male;16;urban;together;none;general;no;no;yes;no;no;4;3;2;High
250;male;18;urban;together;secondary;general;no;no;no;no;no;4;4;5;High
251;male;16;urban;together;secondary;secondary;yes;yes;no;no;no;5;3;3;Medium
252;male;18;urban;together;general;primary;no;no;no;no;no;3;2;5;VeryHigh
253;male;16;rural;together;general;primary;no;no;no;yes;no;3;3;2;Medium
254;male;17;rural;together;general;primary;no;no;no;no;no;4;4;2;High
255;male;17;urban;together;primary;primary;no;yes;no;yes;no;4;4;4;Low
256;female;17;urban;together;higher;general;no;yes;yes;yes;no;4;2;3;VeryLow
257;male;19;urban;apart;higher;secondary;no;yes;no;no;no;4;3;1;VeryLow
258;male;18;urban;together;general;primary;no;no;no;yes;no;5;2;4;Low
259;female;17;urban;together;general;general;no;no;yes;yes;yes;3;4;1;VeryLow
260;female;18;urban;together;higher;secondary;no;yes;yes;no;yes;3;1;2;Medium
261;male;18;urban;together;higher;secondary;no;yes;yes;no;no;4;3;2;VeryLow
262;male;18;rural;together;secondary;general;no;no;no;yes;no;5;3;2;VeryLow
263;female;17;urban;together;secondary;secondary;no;no;no;yes;no;3;2;3;VeryLow
264;female;18;urban;together;general;general;no;yes;yes;yes;yes;4;3;3;VeryLow
265;male;18;rural;apart;secondary;higher;no;yes;yes;yes;no;4;2;5;High
266;male;17;urban;together;secondary;primary;no;no;yes;yes;yes;5;4;4;High
267;female;18;rural;together;higher;higher;no;no;yes;yes;no;4;3;4;Low
268;male;18;urban;together;higher;general;no;yes;yes;yes;yes;5;4;5;Medium
269;female;18;rural;together;general;primary;no;yes;no;no;yes;4;3;5;Low
270;female;19;urban;together;secondary;secondary;no;yes;yes;yes;no;4;3;5;Medium
271;female;18;urban;together;general;secondary;no;yes;yes;yes;yes;4;5;5;Medium
272;female;18;urban;together;primary;primary;no;yes;yes;no;no;4;4;3;VeryLow
273;male;17;rural;together;primary;general;no;yes;yes;yes;yes;3;5;2;Low
274;female;17;urban;together;general;higher;no;yes;yes;no;yes;4;3;3;VeryLow
275;female;17;urban;together;general;general;yes;yes;yes;no;yes;4;4;4;Medium
276;female;18;rural;apart;secondary;general;no;no;no;no;yes;4;1;1;VeryLow
277;male;18;urban;together;higher;higher;no;no;yes;yes;no;3;2;4;High
278;female;18;urban;together;higher;higher;yes;yes;no;yes;yes;2;4;4;VeryLow
279;male;18;urban;together;higher;secondary;no;no;yes;yes;no;4;2;3;Low
280;male;17;urban;apart;higher;primary;no;no;yes;yes;yes;4;5;4;High
281;male;17;urban;apart;secondary;general;no;no;no;no;no;4;4;4;High
282;female;18;rural;together;primary;primary;no;yes;yes;yes;no;5;2;2;VeryLow
283;female;18;urban;together;primary;primary;yes;no;no;yes;no;5;4;4;VeryLow
284;female;17;urban;together;general;general;no;yes;no;no;no;5;4;5;Low
285;male;17;urban;together;primary;primary;no;no;yes;no;no;4;3;3;Low
286;female;18;urban;together;general;general;no;yes;yes;no;no;4;3;3;Low
287;female;17;urban;together;primary;primary;no;yes;yes;no;no;4;3;3;VeryLow
288;male;18;urban;together;general;primary;no;no;yes;yes;no;4;2;4;Medium
289;male;18;urban;apart;higher;higher;no;yes;yes;yes;no;5;4;3;VeryLow
290;male;18;urban;together;higher;general;no;yes;yes;yes;yes;4;3;2;High
291;female;17;urban;together;higher;secondary;no;yes;yes;no;no;4;2;2;Low
292;female;18;urban;together;general;primary;no;no;no;no;yes;5;4;3;VeryLow
293;female;17;rural;together;secondary;primary;no;yes;yes;no;no;3;1;2;VeryLow
294;male;18;rural;together;secondary;general;no;yes;yes;yes;no;5;4;2;VeryLow
295;male;17;urban;together;secondary;secondary;no;yes;yes;no;no;4;4;3;Medium
296;female;19;urban;together;higher;higher;no;yes;yes;yes;no;2;3;4;Medium
297;female;18;urban;together;higher;secondary;no;yes;yes;no;yes;4;4;5;Low
298;female;18;urban;together;higher;secondary;no;yes;yes;no;no;4;3;3;VeryLow
299;male;18;urban;together;higher;higher;no;yes;yes;no;yes;1;4;2;Low
300;female;18;urban;apart;higher;higher;no;yes;no;no;yes;4;2;4;VeryLow
301;male;17;urban;together;higher;higher;no;no;yes;no;no;4;1;1;Low
302;female;17;urban;together;higher;general;no;yes;yes;no;no;4;3;3;VeryLow
303;female;17;urban;together;secondary;general;no;yes;yes;yes;no;5;2;2;Low
304;male;19;urban;together;secondary;secondary;no;yes;no;yes;yes;4;4;4;VeryLow
305;female;18;urban;together;general;higher;no;yes;yes;yes;no;4;4;3;VeryLow
306;male;20;urban;apart;secondary;general;no;no;no;yes;no;5;5;3;VeryLow
307;male;19;urban;together;higher;higher;no;yes;yes;no;yes;4;3;4;VeryLow
308;male;19;rural;together;secondary;secondary;no;no;no;yes;yes;4;5;3;Low
309;female;19;urban;together;primary;primary;yes;yes;no;yes;no;4;4;3;Medium
310;female;19;urban;together;primary;general;no;no;no;yes;yes;4;2;4;Low
311;female;19;urban;together;general;primary;no;yes;no;no;yes;3;4;1;VeryLow
312;male;19;urban;together;primary;general;no;no;no;no;no;4;5;2;Low
313;female;19;urban;together;secondary;general;no;yes;yes;no;yes;4;2;2;Low
314;female;19;urban;together;primary;primary;no;no;no;no;yes;4;1;2;VeryLow
315;female;19;rural;together;general;secondary;no;no;no;no;yes;4;1;2;VeryLow
316;female;18;urban;together;general;primary;no;yes;yes;yes;no;5;3;3;Low
317;female;18;urban;together;higher;secondary;no;yes;yes;yes;yes;4;3;4;VeryLow
318;female;17;rural;together;secondary;higher;no;yes;yes;yes;no;4;3;4;VeryHigh
319;female;18;urban;together;higher;higher;no;yes;yes;no;no;4;4;4;Medium
320;female;17;urban;apart;higher;secondary;no;yes;yes;no;yes;5;2;2;Low
321;female;17;urban;together;general;general;no;yes;no;no;yes;4;2;2;VeryLow
322;female;17;rural;together;general;general;no;yes;yes;yes;no;3;3;2;Low
323;female;17;urban;together;secondary;primary;no;yes;no;no;no;3;4;3;Medium
324;female;17;urban;together;none;general;no;no;no;no;no;3;3;3;Medium
325;male;18;urban;together;higher;higher;no;no;no;yes;no;4;3;3;Low
326;male;17;urban;together;secondary;secondary;no;no;no;yes;no;4;3;5;VeryHigh
327;male;17;rural;together;general;general;no;yes;no;no;no;4;4;5;VeryHigh
328;female;17;urban;together;higher;higher;no;yes;yes;yes;no;5;4;4;Medium
329;female;17;urban;together;higher;higher;no;yes;yes;no;yes;4;3;3;Low
330;male;18;urban;together;general;general;no;yes;no;yes;no;4;5;5;High
331;female;17;rural;together;general;higher;no;yes;no;no;yes;4;4;3;VeryLow
332;female;18;urban;together;secondary;secondary;no;no;no;yes;no;5;3;4;VeryLow
333;female;18;urban;together;general;general;no;no;no;yes;yes;4;3;3;VeryLow
334;female;18;rural;together;general;general;no;no;no;yes;no;4;4;4;VeryLow
335;female;17;urban;together;secondary;higher;no;no;no;no;no;4;4;5;Medium
336;female;19;rural;apart;secondary;primary;no;no;yes;no;no;5;4;3;Low
337;female;17;urban;together;secondary;general;no;yes;yes;no;yes;4;3;2;Medium
338;female;18;urban;together;secondary;secondary;no;yes;no;no;no;5;3;3;VeryLow
339;female;17;rural;apart;secondary;general;no;yes;yes;no;no;4;3;3;Medium
340;female;19;urban;together;general;primary;no;no;yes;yes;yes;4;3;4;Medium
341;male;18;urban;together;higher;higher;no;yes;no;yes;no;4;3;3;Low
342;male;18;urban;together;secondary;higher;no;no;no;yes;yes;4;3;3;Medium
343;female;17;urban;apart;general;general;no;yes;no;no;yes;3;3;1;Low
344;female;18;urban;together;general;secondary;no;yes;no;no;no;4;3;3;Low
345;female;18;urban;together;secondary;general;no;no;no;no;yes;5;4;3;Medium
346;male;18;rural;together;higher;secondary;no;no;no;no;yes;5;3;2;Low
347;male;18;urban;together;higher;secondary;no;yes;yes;no;yes;5;4;5;Medium
348;female;17;urban;together;higher;secondary;no;yes;yes;yes;yes;4;4;3;Medium
349;male;18;rural;together;secondary;general;no;yes;no;no;no;2;5;5;VeryHigh
350;male;19;rural;together;primary;primary;no;no;no;no;no;5;4;4;Medium
351;male;17;urban;together;secondary;secondary;no;yes;yes;no;no;4;5;4;Medium
352;male;18;urban;together;primary;secondary;no;no;no;no;yes;4;3;3;Medium
353;male;19;rural;together;primary;primary;no;yes;no;no;no;4;4;4;Medium
354;male;17;rural;together;higher;secondary;no;yes;yes;yes;yes;4;5;5;Medium
355;female;18;urban;together;secondary;secondary;no;yes;no;no;yes;5;3;4;VeryLow
356;female;17;rural;together;higher;higher;no;yes;yes;yes;no;4;3;3;Low
357;female;17;urban;apart;secondary;general;no;no;no;no;yes;1;2;3;Low
358;male;18;urban;together;primary;primary;no;no;no;no;yes;3;3;2;Low
359;female;18;urban;together;primary;primary;no;no;no;no;no;5;3;2;VeryLow
360;female;18;rural;apart;primary;higher;no;no;no;no;yes;4;3;4;High
361;male;18;rural;together;primary;primary;no;no;no;yes;no;4;4;3;Medium
362;female;18;urban;together;secondary;secondary;no;yes;no;no;yes;4;3;2;Medium
363;female;17;urban;together;higher;higher;no;yes;yes;yes;yes;2;3;4;VeryLow
364;female;17;rural;together;primary;general;no;no;no;no;no;3;2;2;Low
365;male;18;rural;together;primary;secondary;no;yes;yes;no;no;3;3;4;High
366;male;18;urban;together;higher;higher;no;no;yes;no;yes;4;2;2;Low
367;female;17;rural;together;primary;primary;no;yes;yes;no;yes;5;2;1;Low
368;female;18;urban;together;general;secondary;no;yes;yes;no;yes;5;2;3;Low
369;female;18;rural;together;higher;higher;no;yes;yes;no;yes;3;2;2;Low
370;female;19;urban;together;secondary;general;no;no;no;yes;yes;3;2;2;VeryLow
371;male;18;rural;together;primary;general;no;yes;yes;yes;yes;4;3;3;Medium
372;female;17;urban;together;general;general;no;no;no;yes;yes;3;4;3;VeryLow
373;female;17;rural;together;primary;general;no;no;no;yes;no;3;5;5;Medium
374;female;18;rural;together;higher;higher;no;no;no;no;no;5;4;4;VeryLow
375;female;18;rural;together;primary;primary;no;no;no;no;no;4;3;2;Low
376;female;20;urban;together;higher;general;no;yes;yes;no;yes;5;4;3;VeryLow
377;female;18;rural;together;higher;higher;no;no;yes;yes;no;5;4;3;High
378;female;18;urban;together;secondary;secondary;no;no;yes;no;yes;4;1;3;Low
379;female;17;rural;together;secondary;primary;no;yes;yes;yes;no;4;5;4;Medium
380;male;18;urban;together;higher;higher;no;no;yes;yes;no;3;2;4;High
381;male;18;rural;together;general;primary;no;no;no;yes;yes;4;4;3;Medium
382;male;17;urban;together;general;secondary;no;no;no;yes;no;4;4;3;VeryLow
383;male;19;rural;together;primary;primary;no;no;no;no;no;4;3;2;Medium
384;male;18;rural;together;higher;general;no;no;yes;no;no;5;4;3;Medium
385;female;18;rural;together;general;general;no;no;yes;no;no;5;3;3;Medium
386;female;18;rural;together;higher;higher;no;yes;yes;yes;yes;4;4;3;Low
387;female;19;rural;together;general;secondary;no;no;no;yes;no;5;4;2;Low
388;female;18;urban;together;secondary;primary;no;yes;yes;no;no;4;3;4;VeryLow
389;female;18;urban;together;primary;primary;no;no;no;yes;no;1;1;1;VeryLow
390;male;20;urban;apart;general;general;no;yes;yes;no;no;5;5;4;VeryHigh
391;male;17;urban;together;secondary;primary;no;no;no;no;no;2;4;5;High
392;male;21;rural;together;primary;primary;no;no;no;no;no;5;5;3;Medium
393;male;18;rural;together;secondary;general;no;no;no;no;no;4;4;1;High
394;male;19;urban;together;primary;primary;no;no;no;no;no;3;2;3;Medium
395;female;18;urban;apart;higher;higher;yes;no;no;no;no;4;3;4;VeryLow
396;female;17;urban;together;primary;primary;no;yes;no;no;no;5;3;3;VeryLow
397;female;15;urban;together;primary;primary;yes;no;no;no;no;4;3;2;Medium
398;female;15;urban;together;higher;general;no;yes;no;yes;yes;3;2;2;VeryLow
399;female;16;urban;together;secondary;secondary;no;yes;no;no;no;4;3;2;Low
400;male;16;urban;together;higher;secondary;no;yes;no;yes;no;5;4;2;Low
401;male;16;urban;together;general;general;no;no;no;no;no;4;4;4;VeryLow
402;female;17;urban;apart;higher;higher;yes;yes;no;no;no;4;1;4;VeryLow
403;male;15;urban;apart;secondary;general;no;yes;no;no;no;4;2;2;VeryLow
404;male;15;urban;together;secondary;higher;no;yes;no;yes;no;5;5;1;VeryLow
405;female;15;urban;together;higher;higher;no;yes;no;no;no;3;3;3;Low
406;female;15;urban;together;general;primary;no;yes;no;yes;no;5;2;2;VeryLow
407;male;15;urban;together;higher;higher;no;yes;no;yes;no;4;3;3;Medium
408;male;15;urban;together;higher;secondary;no;yes;no;no;no;5;4;3;Low
409;male;15;urban;apart;general;general;no;yes;no;no;yes;4;5;2;VeryLow
410;female;16;urban;together;higher;higher;no;yes;no;no;no;4;4;4;Low
411;female;16;urban;together;higher;higher;no;yes;no;yes;no;3;2;3;Low
412;female;16;urban;together;secondary;secondary;yes;yes;no;yes;no;5;3;2;VeryLow
413;male;17;urban;together;secondary;general;no;yes;yes;yes;no;5;5;5;High
414;male;16;urban;together;higher;secondary;no;no;no;yes;no;3;1;3;Medium
415;male;15;urban;together;higher;secondary;no;no;no;no;no;4;4;1;VeryLow
416;male;15;urban;together;higher;higher;no;yes;yes;no;no;5;4;2;VeryLow
417;male;16;urban;together;higher;general;no;no;no;yes;no;4;5;1;Medium
418;male;16;urban;together;general;general;no;yes;no;yes;no;5;4;4;High
419;female;15;rural;together;general;higher;yes;yes;no;yes;no;4;3;2;VeryLow
420;female;16;urban;together;general;general;no;yes;no;no;no;1;2;2;Medium
421;male;15;urban;together;general;general;no;yes;no;no;no;4;2;2;Low
422;male;15;urban;together;higher;general;no;no;no;no;no;2;2;4;High
423;male;16;urban;apart;secondary;higher;yes;yes;yes;yes;no;5;3;3;VeryLow
424;male;16;urban;together;higher;higher;no;yes;yes;yes;yes;4;4;5;VeryHigh
425;male;15;urban;together;higher;higher;no;yes;yes;no;no;5;4;2;High
426;male;15;urban;together;higher;higher;no;yes;no;yes;no;4;3;1;VeryLow
427;male;15;rural;together;higher;secondary;no;yes;no;yes;yes;4;5;2;VeryLow
428;male;15;urban;together;secondary;secondary;no;no;no;yes;no;5;3;2;VeryLow
429;male;16;urban;together;secondary;general;no;yes;no;no;no;5;4;3;VeryLow
430;female;15;urban;together;general;secondary;no;yes;no;yes;no;3;5;1;VeryLow
431;male;15;urban;together;higher;secondary;no;yes;no;yes;no;5;4;3;VeryLow
432;male;16;rural;apart;higher;higher;no;yes;no;yes;yes;2;4;3;VeryLow
433;female;15;rural;together;secondary;higher;yes;yes;no;yes;no;4;3;2;VeryLow
434;female;15;rural;together;general;general;yes;yes;no;yes;no;4;3;1;VeryLow
435;female;16;urban;together;general;general;no;yes;no;yes;yes;3;3;3;Low
436;male;15;urban;together;higher;higher;no;yes;no;no;yes;5;4;3;High
437;male;15;urban;together;higher;higher;no;yes;no;yes;no;4;3;3;VeryLow
438;male;15;urban;together;general;general;yes;yes;no;no;no;5;4;1;VeryLow
439;female;16;urban;together;general;general;yes;no;no;yes;no;4;3;3;Low
440;female;15;urban;apart;higher;secondary;yes;yes;yes;yes;yes;5;2;2;VeryLow
441;female;16;urban;apart;secondary;secondary;no;yes;no;no;no;2;3;5;High
442;male;16;urban;together;higher;secondary;no;no;no;yes;no;4;2;2;VeryLow
443;male;15;urban;together;higher;general;no;yes;no;no;no;4;3;3;Low
444;female;15;urban;together;higher;higher;yes;yes;no;yes;no;4;4;4;VeryLow
445;female;16;urban;together;general;general;no;yes;no;no;no;4;3;3;Medium
446;female;15;urban;together;higher;general;no;yes;no;no;no;4;3;3;VeryLow
447;male;15;urban;apart;higher;general;no;no;no;no;no;5;5;5;High
448;female;15;urban;together;higher;higher;yes;yes;no;no;no;3;3;4;Medium
449;female;15;urban;apart;secondary;secondary;no;no;no;no;no;5;3;4;High
450;female;16;urban;apart;general;primary;no;no;no;yes;yes;5;3;4;VeryLow
451;female;15;urban;apart;higher;secondary;no;yes;no;yes;no;4;3;2;VeryLow
452;male;15;urban;together;higher;higher;no;yes;no;yes;no;3;2;2;VeryLow
453;male;15;urban;together;primary;general;yes;yes;no;yes;no;4;3;2;VeryLow
454;female;16;urban;together;higher;general;no;yes;yes;no;no;4;2;3;VeryLow
455;female;16;rural;together;higher;higher;no;yes;no;yes;no;2;4;4;Medium
456;female;16;urban;together;primary;primary;yes;yes;no;yes;yes;5;5;5;VeryHigh
457;female;16;urban;together;primary;general;yes;no;no;yes;no;4;4;3;VeryLow
458;female;16;urban;together;higher;secondary;yes;yes;no;yes;no;3;4;4;High
459;female;15;urban;together;higher;secondary;yes;no;no;yes;yes;4;4;4;High
460;female;16;urban;together;higher;secondary;no;yes;no;yes;no;5;4;3;Low
461;male;15;urban;apart;higher;higher;no;yes;no;yes;yes;1;3;3;VeryHigh
462;female;16;urban;together;secondary;primary;yes;yes;no;no;no;4;3;3;Low
463;female;15;rural;together;general;general;yes;yes;no;no;no;4;1;3;Medium
464;female;15;rural;together;secondary;primary;no;yes;no;no;no;4;4;2;Medium
465;male;16;urban;together;secondary;primary;no;yes;no;no;no;4;3;2;VeryLow
466;male;15;urban;together;higher;general;no;no;no;no;no;3;3;3;VeryLow
467;female;15;rural;together;primary;primary;yes;yes;no;no;yes;3;3;4;High
468;male;16;urban;together;secondary;primary;no;no;no;yes;no;5;3;2;Low
469;female;16;urban;together;secondary;secondary;yes;yes;no;yes;no;4;3;3;High
470;male;15;urban;together;higher;secondary;no;yes;no;yes;no;4;3;3;Medium
471;male;15;urban;together;higher;none;no;no;no;yes;no;3;4;3;VeryLow
472;female;16;urban;together;general;general;no;no;no;no;yes;5;2;3;Medium
473;male;17;urban;together;general;primary;yes;yes;no;yes;no;4;5;1;VeryLow
474;female;16;urban;together;secondary;higher;no;yes;no;no;no;2;4;3;Low
475;male;15;urban;together;general;secondary;yes;yes;no;yes;yes;3;2;2;Medium
476;male;15;urban;together;general;secondary;yes;no;no;no;no;5;3;2;Low
477;female;15;urban;together;secondary;general;no;yes;no;no;no;4;4;4;VeryLow
478;male;15;urban;together;general;general;no;no;yes;yes;no;5;3;3;Medium
479;female;15;urban;together;primary;primary;no;yes;no;yes;no;4;3;2;Medium
480;female;15;urban;together;higher;higher;no;no;no;no;yes;4;4;4;Medium
481;female;16;urban;together;general;general;no;yes;no;no;no;4;3;4;Low
482;female;15;urban;together;higher;general;no;yes;no;yes;no;5;3;3;Medium
483;male;16;urban;together;general;general;no;no;no;yes;no;4;4;2;VeryLow
484;male;16;urban;apart;higher;higher;no;yes;no;no;no;4;1;3;VeryHigh
485;female;16;urban;together;secondary;secondary;no;yes;no;no;yes;4;3;3;Medium
486;female;15;urban;together;higher;secondary;no;no;no;yes;no;4;5;5;Medium
487;female;16;urban;together;secondary;primary;yes;yes;no;no;no;3;3;3;Medium
488;female;16;urban;together;higher;general;no;yes;no;yes;no;5;3;3;VeryLow
489;male;15;urban;together;general;general;no;yes;no;yes;no;4;3;4;VeryLow
490;female;15;rural;together;primary;primary;yes;yes;yes;yes;no;3;1;2;VeryLow
491;male;16;rural;together;higher;secondary;yes;yes;yes;yes;no;3;3;3;VeryLow
492;female;16;urban;together;general;primary;no;yes;no;no;yes;4;3;5;VeryLow
493;female;16;urban;together;higher;higher;no;no;no;yes;no;5;3;4;Low
494;female;16;urban;together;higher;secondary;yes;yes;no;no;no;5;3;5;VeryLow
495;male;16;urban;together;higher;higher;yes;yes;no;yes;no;4;5;5;VeryHigh
496;male;16;urban;together;higher;higher;no;yes;no;yes;yes;4;4;3;VeryLow
497;male;15;urban;together;higher;higher;no;yes;yes;yes;no;5;3;3;VeryLow
498;female;15;urban;together;secondary;general;yes;yes;no;no;no;4;3;5;VeryLow
499;male;15;urban;apart;secondary;higher;no;yes;no;yes;no;5;4;4;VeryLow
500;female;15;urban;apart;secondary;secondary;yes;no;no;no;no;4;3;3;VeryLow
501;female;15;urban;together;general;general;yes;yes;no;no;no;5;1;2;VeryLow
502;male;16;urban;together;secondary;secondary;no;yes;no;yes;no;5;3;3;VeryLow
503;male;15;rural;together;higher;higher;no;yes;no;yes;yes;1;3;5;VeryHigh
504;female;16;urban;together;higher;higher;no;yes;no;yes;yes;5;4;5;VeryLow
505;male;15;urban;apart;higher;higher;no;no;no;yes;no;5;5;3;VeryLow
506;female;16;rural;together;secondary;secondary;yes;yes;no;yes;no;4;1;2;VeryLow
507;female;16;urban;together;general;general;yes;no;no;yes;no;3;1;2;VeryLow
508;male;15;urban;together;higher;general;no;no;no;no;no;3;5;2;VeryLow
509;male;15;rural;together;general;primary;no;no;no;yes;yes;5;4;2;VeryLow
510;male;16;urban;together;higher;higher;no;yes;no;yes;no;5;4;4;Low
511;male;15;urban;together;higher;higher;no;yes;no;yes;no;4;4;3;VeryLow
512;male;16;urban;together;secondary;secondary;no;no;no;yes;no;5;4;2;VeryLow
513;male;17;rural;together;primary;secondary;no;yes;no;yes;no;5;2;4;High
514;male;15;urban;together;secondary;higher;no;no;no;no;no;3;4;3;Low
515;female;15;urban;together;primary;general;no;no;no;no;no;3;2;3;Low
516;male;15;urban;together;general;general;no;yes;no;yes;no;5;5;4;Low
517;female;16;urban;together;general;higher;no;yes;no;yes;yes;4;2;2;Low
518;male;16;urban;together;higher;higher;no;yes;no;yes;no;3;4;4;High
519;female;16;urban;together;general;general;no;no;no;no;yes;5;4;4;VeryLow
520;male;15;urban;together;secondary;higher;yes;no;no;no;no;5;5;5;Low
521;female;15;urban;apart;secondary;higher;yes;no;no;yes;yes;5;3;2;VeryLow
522;female;19;urban;together;none;primary;no;yes;no;no;no;3;4;2;VeryLow
523;male;16;rural;together;higher;higher;no;no;no;yes;no;3;5;5;VeryHigh
524;male;16;urban;together;general;secondary;no;yes;no;no;yes;3;2;3;Low
525;female;15;rural;together;secondary;higher;no;yes;no;no;yes;4;2;2;Low
526;female;18;urban;together;general;primary;no;yes;no;yes;yes;5;4;5;Medium
527;female;17;urban;apart;general;primary;no;yes;no;no;no;3;2;2;Low
528;female;15;urban;together;primary;primary;no;yes;no;yes;yes;4;3;3;Low
529;female;17;urban;together;general;general;no;yes;no;no;yes;3;4;4;Medium
530;female;16;urban;apart;secondary;higher;no;no;no;no;no;3;2;1;High
531;male;16;urban;together;general;primary;no;no;no;no;no;3;2;1;VeryLow
532;female;16;urban;apart;general;general;no;no;no;no;no;5;3;4;VeryLow
533;male;15;rural;together;secondary;higher;no;yes;no;no;yes;5;3;3;VeryLow
534;female;15;urban;together;higher;higher;no;yes;no;yes;yes;4;3;3;VeryLow
535;male;17;rural;together;secondary;higher;no;no;no;no;no;5;4;5;High
536;female;16;rural;together;primary;primary;no;yes;no;no;no;5;1;3;VeryLow
537;male;18;urban;together;secondary;primary;no;no;no;yes;yes;3;3;4;VeryHigh
538;female;18;urban;apart;secondary;general;no;yes;no;yes;yes;4;3;3;VeryLow
539;female;16;rural;together;primary;primary;no;yes;no;yes;yes;3;3;3;Low
540;female;16;urban;apart;secondary;secondary;no;yes;no;yes;yes;4;3;2;VeryLow
541;male;16;urban;together;primary;primary;no;no;no;no;yes;4;4;4;Medium
542;female;15;urban;together;higher;higher;no;no;no;yes;no;4;3;2;VeryLow
543;female;15;rural;together;primary;primary;no;no;no;yes;yes;5;5;5;VeryLow
544;male;15;urban;together;higher;secondary;yes;yes;no;no;no;2;2;2;VeryLow
545;female;15;urban;apart;secondary;secondary;no;no;no;no;yes;1;3;2;Medium
546;male;16;urban;together;higher;higher;no;yes;no;yes;no;5;3;3;Medium
547;male;16;urban;together;general;general;no;yes;no;yes;no;2;3;3;Low
548;female;15;urban;together;higher;higher;no;yes;no;yes;no;4;2;2;VeryLow
549;female;16;urban;together;primary;primary;no;no;no;no;no;3;4;4;Medium
550;male;17;urban;together;general;primary;no;yes;no;no;no;5;4;5;Low
551;female;15;urban;together;primary;primary;no;yes;no;no;no;4;4;2;Low
552;female;15;urban;apart;general;primary;no;yes;no;yes;yes;4;4;2;VeryLow
553;female;15;urban;together;secondary;general;no;yes;no;no;no;3;3;2;VeryLow
554;female;15;urban;together;primary;general;no;yes;no;no;no;4;3;2;VeryLow
555;female;15;urban;together;primary;general;no;no;no;no;yes;2;3;4;High
556;male;16;urban;together;higher;higher;no;yes;no;no;yes;3;3;2;VeryLow
557;male;15;urban;apart;general;primary;no;no;no;no;no;4;5;5;VeryHigh
558;male;18;urban;together;primary;primary;no;no;no;no;yes;2;3;5;VeryHigh
559;male;16;urban;together;general;primary;no;no;no;yes;yes;4;4;4;VeryHigh
560;female;15;rural;together;secondary;secondary;no;yes;yes;yes;yes;4;2;1;Medium
561;male;19;urban;together;secondary;general;no;yes;no;no;yes;4;5;4;VeryLow
562;female;17;urban;together;higher;higher;yes;yes;no;no;yes;4;2;1;VeryLow
563;male;15;rural;together;general;secondary;yes;no;yes;yes;no;4;4;4;VeryLow
564;male;17;rural;together;primary;general;no;no;no;no;no;2;2;2;Medium
565;female;18;rural;together;primary;primary;no;yes;no;yes;no;5;2;5;VeryHigh
566;male;16;rural;together;general;general;no;no;no;no;no;4;2;2;Low
567;male;16;urban;together;secondary;secondary;no;yes;no;no;yes;4;5;5;High
568;male;16;urban;together;primary;general;no;no;no;no;no;4;4;5;VeryHigh
569;male;17;rural;together;general;primary;no;no;yes;yes;yes;3;3;2;Low
570;male;17;rural;together;secondary;general;yes;yes;no;no;yes;4;4;4;High
571;male;15;urban;together;primary;general;no;no;no;yes;no;4;4;4;High
572;male;16;urban;together;primary;secondary;no;no;no;no;no;5;3;3;High
573;male;17;rural;together;primary;primary;no;no;no;yes;yes;5;3;5;VeryHigh
574;male;17;urban;together;secondary;general;no;yes;no;yes;no;4;5;2;VeryLow
575;male;16;urban;together;general;general;no;no;no;no;no;4;3;5;High
576;female;16;urban;together;higher;general;no;no;no;no;yes;4;2;3;VeryLow
577;female;16;urban;together;general;general;no;yes;no;no;no;5;1;5;VeryLow
578;female;16;urban;together;higher;higher;no;yes;no;no;yes;4;4;2;VeryLow
579;male;16;urban;together;secondary;higher;no;yes;no;yes;no;3;4;5;High
580;male;16;urban;together;primary;none;no;yes;no;yes;yes;4;3;2;VeryLow
581;male;17;urban;together;higher;higher;no;yes;no;yes;no;4;4;4;Medium
582;female;16;urban;together;primary;secondary;no;no;no;yes;yes;4;3;5;VeryLow
583;female;16;urban;together;secondary;secondary;no;yes;no;yes;no;4;4;5;VeryLow
584;male;17;urban;together;higher;secondary;no;no;no;yes;no;4;4;4;High
585;female;16;urban;together;general;general;no;no;no;yes;no;3;4;4;High
586;male;17;urban;together;secondary;secondary;no;no;no;yes;no;4;3;4;High
587;male;16;rural;together;higher;general;no;yes;no;yes;yes;4;3;3;High
588;male;17;urban;together;higher;secondary;no;yes;yes;yes;yes;5;2;3;VeryLow
589;male;16;urban;together;higher;secondary;no;yes;yes;yes;no;3;4;3;Medium
590;male;16;urban;together;secondary;secondary;no;no;no;yes;yes;4;2;3;Low
591;female;17;urban;together;general;higher;no;yes;no;yes;no;5;4;2;Medium
592;female;17;urban;together;secondary;secondary;no;yes;no;yes;yes;5;3;3;Medium
593;female;16;urban;together;secondary;general;no;yes;no;no;no;1;2;2;Low
594;male;17;urban;together;secondary;secondary;no;yes;no;yes;yes;4;3;4;Medium
595;male;16;urban;together;primary;general;no;yes;no;yes;yes;3;3;3;Low
596;male;16;urban;together;general;primary;no;no;no;yes;yes;4;2;3;Low
597;female;17;urban;apart;secondary;secondary;no;yes;no;no;yes;3;3;3;Medium
598;male;17;rural;together;primary;general;no;no;no;no;no;3;1;3;VeryHigh
599;female;16;urban;together;general;secondary;no;no;no;no;no;4;3;3;VeryLow
600;female;17;urban;together;primary;primary;no;no;no;yes;no;5;3;3;VeryLow
601;male;17;urban;together;primary;general;no;no;no;yes;no;4;4;4;VeryHigh
602;male;16;rural;together;secondary;secondary;no;yes;no;yes;no;4;3;2;High
603;male;16;urban;together;general;secondary;no;no;no;no;no;5;3;3;VeryLow
604;female;17;urban;together;general;higher;no;no;no;yes;yes;4;3;2;VeryLow
605;male;17;urban;together;higher;higher;no;no;no;no;no;5;2;3;Low
606;male;16;rural;together;secondary;secondary;no;yes;no;yes;no;3;3;4;VeryHigh
607;female;17;urban;together;higher;higher;no;yes;no;no;no;4;2;4;Medium
608;female;16;urban;together;higher;higher;no;yes;no;no;no;4;5;2;Low
609;female;16;urban;together;higher;secondary;no;yes;no;yes;no;4;3;5;VeryHigh
610;female;16;urban;together;general;secondary;yes;yes;no;yes;no;4;4;3;Medium
611;female;17;urban;together;primary;primary;no;yes;no;no;no;4;4;4;Medium
612;female;17;rural;together;general;general;no;yes;no;no;no;5;3;2;Low
613;female;16;rural;together;general;general;no;yes;no;yes;no;5;3;5;VeryLow
614;female;17;urban;together;secondary;higher;no;yes;yes;no;yes;4;4;3;High
615;female;16;urban;apart;secondary;primary;no;yes;no;no;no;2;3;3;Low
616;female;16;urban;together;higher;secondary;no;no;no;yes;yes;1;3;2;VeryLow
617;female;16;urban;together;primary;primary;no;yes;no;no;no;4;3;2;High
618;female;17;rural;together;higher;secondary;no;yes;no;yes;yes;4;4;2;VeryLow
619;female;19;urban;together;secondary;secondary;no;yes;no;yes;no;4;3;3;Low
620;male;17;urban;together;higher;higher;no;yes;no;no;yes;5;3;5;VeryHigh
621;female;16;urban;apart;general;general;yes;yes;no;no;no;3;3;4;VeryLow
622;male;18;urban;together;general;general;no;yes;no;yes;no;4;4;4;High
623;female;17;rural;together;higher;higher;no;yes;no;no;no;5;2;1;Low
624;female;17;urban;together;secondary;general;no;no;no;no;no;4;4;4;Medium
625;female;17;urban;together;higher;secondary;no;no;no;no;yes;3;4;5;High
626;male;18;urban;together;secondary;secondary;no;yes;no;no;no;3;2;4;High
627;female;17;urban;together;general;secondary;no;yes;no;no;no;3;3;3;High
628;female;17;urban;together;general;general;no;yes;no;yes;no;4;3;3;VeryLow
629;female;17;rural;together;general;primary;no;yes;no;yes;no;4;2;5;Low
630;female;17;urban;together;primary;primary;no;yes;no;yes;yes;4;3;4;VeryLow
631;female;16;urban;together;general;secondary;yes;no;no;no;no;2;3;1;VeryLow
632;male;18;urban;together;general;general;no;yes;yes;no;no;3;3;3;VeryHigh
633;female;16;urban;together;higher;higher;no;yes;no;yes;no;5;3;2;VeryLow
634;female;18;rural;together;secondary;primary;no;no;no;yes;yes;5;3;3;VeryLow
635;female;17;urban;together;secondary;general;no;no;no;yes;no;5;3;4;Medium
636;male;17;urban;together;general;secondary;no;yes;no;no;no;5;3;3;Medium
637;male;18;urban;together;general;primary;yes;yes;no;yes;yes;4;3;2;VeryHigh
638;female;17;urban;apart;general;primary;no;no;no;yes;yes;3;2;3;Low
639;female;17;urban;together;higher;secondary;no;no;no;yes;yes;3;2;3;Low
640;male;17;rural;together;general;general;no;yes;no;yes;no;4;5;2;VeryLow
641;male;17;urban;together;higher;higher;yes;yes;no;yes;yes;4;5;5;Medium
642;male;16;urban;together;higher;higher;no;yes;no;yes;no;4;2;4;High
643;male;16;urban;together;primary;primary;no;yes;no;no;no;3;4;2;VeryLow
644;male;16;urban;together;secondary;general;no;no;no;yes;yes;5;3;3;Medium
645;male;17;urban;together;general;general;no;no;no;yes;yes;4;4;2;VeryHigh
646;female;16;urban;together;general;primary;no;no;no;no;yes;4;5;2;VeryLow
647;female;16;urban;apart;higher;primary;no;no;no;yes;yes;5;3;3;Low
648;female;18;urban;apart;general;higher;no;yes;no;no;no;4;3;3;VeryLow
649;female;18;urban;together;general;general;no;yes;no;no;yes;5;3;1;VeryLow
650;female;18;urban;together;secondary;secondary;no;no;no;no;no;4;1;1;VeryLow
651;male;18;urban;together;general;general;no;yes;no;yes;yes;4;4;3;Low
652;male;17;urban;together;higher;higher;no;yes;no;yes;no;4;2;1;Low
653;female;17;urban;together;secondary;general;no;no;no;yes;no;5;4;2;VeryLow
654;female;17;urban;together;primary;primary;no;yes;no;yes;yes;4;3;2;Low
655;female;16;urban;together;primary;general;no;no;no;no;no;5;3;5;Low
656;female;17;rural;together;general;primary;no;no;no;yes;no;2;1;1;VeryLow
657;female;17;rural;apart;primary;higher;no;yes;no;no;no;5;5;4;VeryLow
658;male;18;urban;together;general;general;no;no;no;no;no;5;5;4;VeryHigh
659;female;17;urban;apart;general;general;no;yes;no;no;no;3;1;2;VeryLow
660;female;17;rural;together;primary;primary;no;no;no;yes;no;4;3;3;Medium
661;female;17;urban;apart;higher;general;no;yes;no;yes;no;4;3;2;VeryLow
662;male;17;urban;together;higher;secondary;no;no;no;yes;yes;2;5;5;High
663;male;17;rural;apart;higher;higher;no;yes;no;no;no;3;3;3;Medium
664;male;16;urban;together;higher;secondary;no;no;no;yes;no;5;4;5;VeryLow
665;male;16;urban;together;higher;higher;no;no;yes;yes;no;5;3;2;Low
666;female;17;urban;together;higher;higher;no;yes;yes;no;yes;5;3;1;High
667;male;17;rural;together;primary;primary;no;no;no;no;yes;4;3;3;VeryLow
668;female;17;urban;together;secondary;secondary;no;yes;no;no;yes;4;2;2;Medium
669;female;17;urban;together;primary;primary;yes;no;no;no;yes;4;3;2;VeryLow
670;female;18;urban;together;general;primary;no;yes;no;no;yes;4;4;4;VeryLow
671;male;16;urban;together;general;primary;no;no;no;no;no;4;3;3;VeryLow
672;female;17;urban;together;primary;primary;no;yes;no;no;no;4;3;4;Low
673;male;17;urban;together;general;secondary;no;no;no;no;no;5;2;2;VeryLow
674;male;22;urban;together;secondary;primary;no;no;no;no;yes;5;4;5;VeryHigh
675;male;18;rural;together;secondary;secondary;no;yes;no;no;yes;4;3;3;Medium
676;male;16;urban;together;none;general;no;no;no;no;no;4;3;2;High
677;male;18;urban;together;secondary;general;no;no;no;no;no;4;4;5;High
678;male;16;urban;together;secondary;secondary;yes;yes;no;no;no;5;3;3;Medium
679;male;18;urban;together;general;primary;no;no;no;no;no;3;2;5;VeryHigh
680;male;16;rural;together;general;primary;no;no;no;yes;no;3;3;2;Medium
681;male;17;rural;together;general;primary;no;no;no;no;no;4;4;2;High
682;male;17;urban;together;primary;primary;no;yes;no;yes;no;4;4;4;Low
683;female;18;urban;apart;general;primary;no;yes;no;no;yes;4;3;4;Medium
684;female;17;urban;together;higher;general;no;yes;no;yes;no;4;2;3;VeryLow
685;female;19;urban;together;general;general;no;yes;no;no;no;4;3;3;VeryLow
686;male;18;urban;together;general;primary;no;no;no;yes;no;4;4;5;High
687;female;17;rural;together;higher;general;no;yes;no;yes;no;4;3;4;Medium
688;female;18;urban;together;primary;primary;no;yes;no;no;no;4;4;3;Medium
689;female;18;rural;together;general;general;yes;no;no;no;no;3;2;3;VeryLow
690;male;19;urban;apart;higher;secondary;no;yes;no;no;no;4;3;1;VeryLow
691;male;18;urban;together;general;primary;no;no;no;yes;no;5;2;4;Low
692;male;17;rural;together;general;general;no;no;no;no;no;5;2;2;VeryLow
693;female;17;urban;together;general;general;no;no;no;yes;yes;3;4;1;VeryLow
694;female;20;rural;together;general;primary;no;yes;yes;yes;yes;1;2;3;Low
695;female;18;urban;together;higher;secondary;no;yes;no;no;yes;3;1;2;Medium
696;male;18;urban;together;higher;secondary;no;yes;no;no;no;4;3;2;VeryLow
697;male;18;rural;together;secondary;general;no;no;no;yes;no;5;3;2;VeryLow
698;female;17;urban;together;secondary;secondary;no;no;no;yes;no;3;2;3;VeryLow
699;female;18;urban;together;general;general;no;yes;no;yes;yes;4;3;3;VeryLow
700;male;17;urban;together;general;general;no;no;no;no;no;4;4;4;Medium
701;male;18;rural;apart;secondary;higher;no;yes;no;yes;no;4;2;5;High
702;male;17;urban;together;secondary;primary;no;no;no;yes;yes;5;4;4;High
703;female;18;rural;together;higher;higher;no;no;no;yes;no;4;3;4;Low
704;male;18;urban;together;higher;general;no;yes;no;yes;yes;5;4;5;Medium
705;female;18;rural;together;general;primary;no;yes;no;no;yes;4;3;5;Low
706;female;19;urban;together;secondary;secondary;no;yes;no;yes;no;4;3;5;Medium
707;female;18;urban;together;general;secondary;no;yes;no;yes;yes;4;5;5;Medium
708;female;18;urban;together;primary;primary;no;yes;no;no;no;4;4;3;VeryLow
709;male;17;rural;together;primary;general;no;yes;no;yes;yes;3;5;2;Low
710;female;18;urban;together;general;primary;no;yes;no;no;yes;4;2;5;Low
711;female;17;urban;together;general;higher;no;yes;no;no;yes;4;3;3;VeryLow
712;female;17;urban;together;general;general;yes;yes;no;no;yes;4;4;4;Medium
713;female;18;rural;apart;secondary;general;no;no;no;no;yes;4;1;1;VeryLow
714;male;18;urban;together;higher;higher;no;no;no;yes;no;3;2;4;High
715;female;18;urban;together;higher;higher;yes;yes;no;yes;yes;2;4;4;VeryLow
716;female;17;urban;together;general;general;no;yes;no;no;yes;4;2;3;VeryLow
717;female;19;rural;together;secondary;general;yes;yes;no;no;no;3;3;3;Medium
718;male;18;urban;together;higher;secondary;no;no;no;yes;no;4;2;3;Low
719;male;18;urban;together;primary;general;no;no;no;no;no;3;4;4;High
720;male;17;urban;apart;higher;primary;no;no;no;yes;yes;4;5;4;High
721;male;17;urban;apart;secondary;general;no;no;no;no;no;4;4;4;High
722;female;18;rural;together;primary;primary;no;yes;no;yes;no;5;2;2;VeryLow
723;female;18;urban;together;primary;primary;yes;no;no;yes;no;5;4;4;VeryLow
724;female;17;urban;together;general;general;no;yes;no;no;no;5;4;5;Low
725;female;18;urban;together;general;primary;no;no;no;yes;yes;4;3;1;VeryLow
726;male;17;urban;together;primary;primary;no;no;no;no;no;4;3;3;Low
727;female;18;urban;together;general;general;no;yes;no;no;no;4;3;3;Low
728;female;17;urban;together;primary;primary;no;yes;no;no;no;4;3;3;VeryLow
729;male;18;urban;together;general;primary;no;no;no;yes;no;4;2;4;Medium
730;male;18;urban;apart;higher;higher;no;yes;no;yes;no;5;4;3;VeryLow
731;male;18;urban;together;higher;general;no;yes;no;yes;yes;4;3;2;High
732;female;17;urban;together;higher;secondary;no;yes;no;no;no;4;2;2;Low
733;female;17;rural;together;secondary;primary;no;yes;no;no;no;3;1;2;VeryLow
734;male;18;rural;together;secondary;general;no;yes;no;yes;no;5;4;2;VeryLow
735;male;17;urban;together;secondary;secondary;no;yes;no;no;no;4;4;3;Medium
736;female;19;urban;together;higher;higher;no;yes;no;yes;no;2;3;4;Medium
737;female;18;urban;together;higher;secondary;no;yes;no;no;yes;4;4;5;Low
738;female;18;urban;together;higher;secondary;no;yes;no;no;no;4;3;3;VeryLow
739;male;18;urban;together;higher;higher;no;yes;no;no;yes;1;4;2;Low
740;female;18;urban;apart;higher;higher;no;yes;yes;no;yes;4;2;4;VeryLow
741;male;17;urban;together;higher;higher;no;no;no;no;no;4;1;1;Low
742;female;17;rural;together;higher;higher;no;yes;no;yes;no;5;3;4;VeryLow
743;female;17;urban;together;higher;general;no;yes;no;no;no;4;3;3;VeryLow
744;female;17;urban;together;secondary;general;no;yes;no;yes;no;5;2;2;Low
745;male;19;rural;together;general;primary;no;no;no;yes;yes;4;3;1;VeryLow
746;male;20;urban;apart;secondary;general;no;no;no;yes;no;5;5;3;VeryLow
747;male;19;rural;together;secondary;secondary;no;no;no;yes;yes;4;5;3;Low
748;female;18;urban;together;primary;higher;yes;yes;no;no;yes;3;4;4;Low
749;female;18;urban;together;general;primary;no;yes;no;yes;no;5;3;3;Low
750;female;17;urban;together;general;secondary;no;no;no;yes;yes;4;2;1;VeryLow
751;female;17;rural;together;higher;higher;no;no;no;yes;no;4;4;4;VeryLow
752;female;18;urban;together;higher;secondary;no;yes;no;yes;yes;4;3;4;VeryLow
753;female;18;urban;together;higher;secondary;no;yes;no;no;no;3;2;4;High
754;female;17;rural;together;secondary;higher;no;yes;no;yes;no;4;3;4;VeryHigh
755;female;18;urban;together;secondary;secondary;no;yes;no;no;no;4;1;4;VeryLow
756;male;19;urban;together;higher;general;no;yes;no;yes;yes;5;4;4;VeryLow
757;female;18;urban;together;higher;higher;no;yes;no;no;no;4;4;4;Medium
758;female;18;urban;together;secondary;higher;no;yes;no;yes;yes;5;4;4;VeryLow
759;female;17;urban;together;higher;higher;no;no;no;yes;no;5;3;4;Low
760;female;17;urban;apart;higher;secondary;no;yes;no;no;yes;5;2;2;Low
761;female;17;urban;apart;secondary;secondary;yes;yes;no;no;no;5;3;3;VeryLow
762;female;17;urban;together;general;primary;no;no;no;yes;no;4;2;3;Low
763;male;18;urban;together;higher;higher;no;yes;no;no;no;4;2;5;High
764;female;19;urban;together;primary;primary;no;no;no;yes;yes;1;5;5;Medium
765;female;19;urban;apart;primary;primary;no;yes;no;no;yes;5;3;4;VeryLow
766;female;18;urban;together;general;general;no;yes;no;yes;yes;4;3;5;High
767;female;17;urban;together;general;general;no;yes;no;no;yes;4;2;2;VeryLow
768;female;17;rural;together;general;general;no;yes;no;yes;no;3;3;2;Low
769;female;17;urban;together;secondary;primary;no;yes;no;no;no;3;4;3;Medium
770;female;17;urban;together;none;general;no;no;no;no;no;3;3;3;Medium
771;female;18;urban;together;primary;primary;no;no;no;yes;no;4;5;5;Low
772;male;18;urban;together;higher;higher;no;no;no;yes;no;4;3;3;Low
773;male;17;urban;together;secondary;secondary;no;no;no;yes;no;4;3;5;VeryHigh
774;male;17;rural;together;general;general;no;yes;no;no;no;4;4;5;VeryHigh
775;female;17;urban;together;higher;higher;no;yes;no;yes;no;5;4;4;Medium
776;female;17;urban;together;higher;higher;no;yes;no;no;yes;4;3;3;Low
777;female;17;urban;together;secondary;secondary;no;yes;yes;yes;no;4;2;5;VeryHigh
778;male;18;urban;together;general;general;no;yes;yes;yes;no;4;5;5;High
779;male;19;rural;together;secondary;general;no;yes;no;no;yes;5;3;4;Low
780;female;18;urban;together;general;general;no;no;no;yes;yes;4;2;5;VeryLow
781;female;17;rural;together;general;higher;no;yes;no;no;yes;4;4;3;VeryLow
782;male;18;urban;together;general;general;no;no;no;no;no;5;4;2;Low
783;female;18;urban;together;secondary;secondary;no;no;no;yes;no;5;3;4;VeryLow
784;female;18;urban;together;general;general;no;no;no;yes;yes;4;3;3;VeryLow
785;female;18;rural;together;general;general;no;no;no;yes;no;4;4;4;VeryLow
786;female;17;urban;together;secondary;higher;no;no;no;no;no;4;4;5;Medium
787;female;17;urban;together;secondary;general;no;yes;no;no;yes;4;3;2;Medium
788;female;18;urban;together;secondary;secondary;no;yes;no;no;no;5;3;3;VeryLow
789;female;17;rural;apart;secondary;general;no;yes;no;no;no;4;3;3;Medium
790;male;18;urban;together;higher;higher;no;yes;no;yes;no;4;3;3;Low
791;male;18;urban;together;secondary;higher;no;no;no;yes;yes;4;3;3;Medium
792;female;17;urban;apart;general;general;no;yes;no;no;yes;3;3;1;Low
793;female;18;urban;together;general;secondary;no;yes;no;no;no;4;3;3;Low
794;female;18;urban;together;secondary;general;no;no;no;no;yes;5;4;3;Medium
795;male;18;rural;together;higher;secondary;no;no;no;no;yes;5;3;2;Low
796;male;18;urban;together;higher;secondary;no;yes;no;no;yes;5;4;5;Medium
797;female;17;urban;together;higher;secondary;no;yes;no;yes;yes;4;4;3;Medium
798;female;17;urban;together;general;primary;no;yes;no;yes;yes;4;3;4;Low
799;female;17;urban;together;general;primary;no;yes;no;yes;no;4;3;5;High
800;female;19;urban;apart;general;secondary;no;no;no;no;no;2;2;3;High
801;female;17;urban;together;secondary;primary;no;yes;yes;no;yes;4;1;2;VeryLow
802;female;21;urban;together;higher;higher;no;no;yes;yes;no;3;3;2;VeryLow
803;male;18;urban;together;general;general;no;yes;no;yes;no;4;4;4;Medium
804;male;18;urban;apart;secondary;higher;no;no;no;yes;yes;4;3;5;High
805;female;17;urban;together;general;general;no;yes;no;yes;no;4;3;4;Medium
806;male;17;urban;apart;higher;higher;no;yes;no;no;no;4;4;2;Low
807;female;18;urban;together;higher;general;no;yes;no;yes;no;4;2;2;VeryLow
808;male;21;rural;together;primary;primary;no;yes;no;yes;yes;5;3;3;Low
809;female;20;rural;together;primary;primary;no;no;no;no;yes;3;2;2;Medium
810;female;19;urban;together;higher;higher;no;yes;no;no;yes;3;2;5;High
811;male;17;urban;apart;secondary;general;no;yes;no;no;no;4;4;4;Low
812;female;18;urban;together;secondary;general;no;yes;no;no;yes;4;3;4;Low
813;male;18;rural;together;general;secondary;no;no;no;no;no;3;1;3;VeryHigh
814;male;19;urban;together;general;primary;no;no;no;no;no;5;3;4;High
815;female;18;urban;apart;general;general;no;yes;no;no;no;4;1;4;Medium
816;female;20;urban;together;primary;none;yes;no;no;no;yes;5;3;1;VeryLow
817;female;18;urban;together;secondary;general;no;yes;no;yes;yes;3;1;2;Low
818;female;16;urban;together;primary;secondary;no;yes;no;no;yes;4;3;3;Medium
819;female;16;rural;together;general;general;no;yes;no;yes;no;4;4;4;VeryLow
820;female;15;rural;together;primary;primary;no;yes;no;no;yes;4;1;3;VeryLow
821;female;15;rural;together;secondary;secondary;no;yes;no;no;no;5;4;4;Medium
822;female;16;rural;together;general;secondary;no;no;no;no;no;4;5;2;Low
823;female;15;rural;together;general;primary;no;no;no;no;no;1;3;4;VeryLow
824;male;16;rural;apart;higher;higher;no;yes;no;no;no;5;3;2;Medium
825;male;16;urban;apart;primary;general;yes;no;no;no;no;4;4;3;VeryLow
826;female;17;rural;together;secondary;general;no;no;no;no;yes;4;5;4;Low
827;female;17;rural;together;primary;primary;no;yes;no;no;no;5;4;4;Low
828;female;15;rural;together;higher;higher;no;no;no;no;yes;1;5;1;VeryHigh
829;female;16;urban;apart;general;general;no;no;no;yes;yes;1;2;1;VeryLow
830;female;15;rural;together;primary;primary;no;yes;no;no;no;5;4;3;Low
831;female;15;rural;together;primary;primary;no;yes;no;no;yes;4;4;3;Low
832;female;16;rural;together;none;general;no;yes;no;yes;no;3;2;3;Low
833;female;17;rural;together;general;secondary;no;yes;no;no;no;5;5;5;Medium
834;female;15;rural;together;secondary;secondary;no;no;no;no;no;4;1;3;VeryLow
835;male;16;urban;together;primary;primary;no;yes;no;yes;yes;5;4;5;VeryHigh
836;male;17;urban;together;primary;primary;no;no;yes;no;no;4;4;3;High
837;male;15;rural;together;higher;primary;no;yes;no;yes;no;5;3;4;Low
838;male;15;rural;together;higher;primary;no;yes;no;yes;no;5;3;4;Low
839;male;16;rural;together;secondary;higher;no;no;no;no;no;3;4;5;Low
840;male;15;rural;together;primary;primary;no;yes;no;yes;yes;5;4;5;High
841;male;15;urban;together;secondary;secondary;no;yes;no;yes;no;5;3;3;VeryLow
842;male;17;rural;together;general;primary;no;no;no;yes;yes;5;5;5;VeryHigh
843;female;16;rural;together;higher;higher;no;no;no;yes;yes;4;2;2;VeryLow
844;female;15;rural;together;primary;general;no;no;no;no;no;5;1;2;VeryLow
845;female;16;rural;together;general;secondary;no;yes;no;no;no;4;5;4;Low
846;male;16;rural;together;primary;general;no;no;no;no;no;4;3;3;VeryLow
847;female;16;rural;together;general;general;no;yes;no;no;no;4;4;5;VeryLow
848;female;16;urban;together;primary;general;no;yes;no;no;no;1;3;2;Low
849;female;16;urban;together;primary;general;no;yes;no;no;no;1;3;2;Low
850;female;15;urban;together;general;primary;yes;yes;no;no;no;4;4;2;Medium
851;female;16;urban;together;primary;primary;no;yes;no;no;yes;5;4;3;VeryLow
852;male;17;rural;together;primary;general;no;yes;no;yes;no;5;5;5;VeryHigh
853;female;16;rural;together;primary;primary;no;yes;no;no;no;4;3;2;VeryLow
854;female;16;rural;together;primary;primary;yes;yes;no;no;no;4;4;3;VeryLow
855;female;15;rural;together;primary;primary;no;yes;no;yes;no;4;3;3;VeryLow
856;female;16;rural;together;primary;primary;no;no;no;yes;yes;4;2;2;Medium
857;female;15;rural;together;primary;primary;no;yes;no;no;no;4;2;1;Low
858;female;15;rural;together;general;general;yes;yes;no;no;no;4;4;3;Low
859;male;16;rural;together;primary;primary;no;no;no;yes;no;3;4;4;High
860;female;18;urban;together;primary;general;no;yes;no;yes;yes;3;4;4;Medium
861;male;15;urban;together;secondary;primary;no;yes;no;no;no;3;2;3;Medium
862;female;16;rural;together;general;general;no;yes;no;yes;no;5;3;4;VeryLow
863;male;15;urban;together;general;general;no;no;no;no;no;4;3;3;Low
864;male;16;urban;together;higher;higher;no;yes;no;yes;yes;4;3;1;VeryLow
865;female;15;rural;together;secondary;secondary;no;yes;no;no;yes;4;5;4;VeryLow
866;female;16;rural;together;general;general;no;yes;no;yes;no;4;4;4;Medium
867;female;16;rural;together;general;general;no;yes;no;yes;yes;4;3;2;VeryLow
868;male;16;urban;together;general;primary;no;yes;no;yes;no;2;4;3;Medium
869;male;15;rural;together;primary;secondary;no;yes;no;yes;no;4;2;4;VeryHigh
870;female;15;urban;together;general;general;no;yes;no;yes;no;5;3;2;VeryLow
871;female;16;rural;together;general;primary;no;yes;no;no;yes;5;4;3;VeryLow
872;male;15;urban;together;secondary;secondary;no;yes;no;yes;no;4;3;3;High
873;female;16;rural;together;primary;primary;yes;yes;no;no;no;3;4;3;VeryLow
874;female;17;urban;together;general;general;no;yes;no;yes;no;4;5;3;VeryLow
875;female;19;urban;together;general;secondary;no;no;no;no;yes;4;4;4;VeryLow
876;female;17;rural;together;general;primary;no;yes;no;yes;yes;5;5;3;VeryLow
877;female;15;rural;together;primary;primary;no;yes;no;no;yes;5;2;1;Medium
878;female;16;rural;together;general;general;no;yes;no;no;no;3;4;5;Low
879;female;16;urban;apart;general;general;no;yes;no;no;no;4;3;4;Low
880;female;17;rural;together;general;general;no;yes;no;no;no;4;3;5;Low
881;female;16;urban;together;general;general;no;yes;yes;yes;no;4;4;3;High
882;female;18;rural;apart;secondary;general;no;yes;no;no;yes;3;3;2;VeryLow
883;female;19;urban;together;primary;primary;no;no;no;yes;yes;5;3;1;VeryLow
884;male;18;rural;together;primary;primary;no;no;no;yes;no;4;4;3;High
885;female;18;rural;together;primary;primary;no;no;no;no;yes;3;2;3;VeryLow
886;female;19;urban;together;primary;primary;no;yes;no;no;yes;1;1;4;VeryLow
887;female;16;rural;apart;general;general;no;no;no;no;yes;3;3;2;VeryLow
888;female;17;urban;together;none;primary;no;no;no;yes;no;2;4;4;VeryHigh
889;female;16;rural;together;primary;general;no;no;no;yes;no;4;4;5;Medium
890;female;16;urban;together;secondary;secondary;no;no;no;yes;yes;4;5;4;VeryLow
891;female;16;rural;together;primary;primary;no;yes;no;yes;yes;4;4;4;Low
892;male;17;urban;together;secondary;secondary;no;yes;yes;yes;no;5;4;5;High
893;female;16;urban;together;general;primary;no;yes;no;yes;no;5;3;3;VeryLow
894;female;16;urban;together;general;general;no;yes;yes;yes;yes;4;2;5;Low
895;male;17;urban;together;primary;general;no;yes;no;yes;yes;5;3;5;VeryHigh
896;male;16;urban;together;higher;secondary;no;no;no;yes;no;4;2;5;VeryHigh
897;male;17;rural;together;general;general;no;yes;no;no;no;1;3;5;VeryHigh
898;female;16;urban;together;primary;primary;yes;yes;no;yes;no;2;2;1;VeryLow
899;female;19;urban;together;general;general;no;no;no;no;yes;5;4;5;VeryLow
900;female;17;rural;together;primary;primary;no;yes;no;yes;yes;4;4;5;Low
901;female;20;urban;together;secondary;secondary;no;no;no;yes;yes;3;3;4;High
902;female;17;urban;together;primary;primary;no;yes;no;no;yes;4;3;3;VeryLow
903;male;17;rural;together;general;general;no;yes;no;no;no;4;4;5;Low
904;female;16;rural;together;primary;primary;no;yes;no;no;no;5;3;2;VeryLow
905;female;17;rural;together;general;general;no;yes;no;yes;no;5;3;2;VeryLow
906;female;17;urban;apart;primary;none;no;no;no;no;yes;4;4;5;VeryLow
907;female;18;rural;together;primary;primary;no;yes;no;no;yes;4;3;2;VeryLow
908;female;16;urban;together;secondary;primary;no;no;no;yes;no;3;1;3;Medium
909;female;16;urban;together;secondary;general;no;no;no;no;no;3;1;3;High
910;female;18;urban;together;primary;primary;yes;no;no;no;no;2;3;5;High
911;female;16;rural;together;higher;higher;no;no;no;yes;yes;4;3;3;Medium
912;female;16;rural;together;primary;general;no;no;no;yes;no;5;4;5;High
913;female;18;urban;apart;general;higher;no;yes;no;no;no;2;3;2;Medium
914;male;16;rural;together;general;primary;no;no;no;yes;no;5;2;1;VeryLow
915;female;16;urban;together;primary;primary;no;yes;no;no;no;4;3;2;Medium
916;female;16;rural;together;general;secondary;no;yes;no;yes;no;3;3;3;VeryLow
917;female;16;urban;together;higher;higher;no;yes;no;no;yes;4;3;4;Low
918;male;18;urban;together;higher;higher;no;yes;no;yes;yes;5;5;5;VeryHigh
919;female;16;rural;together;secondary;higher;no;yes;no;no;no;4;2;1;VeryLow
920;male;17;urban;together;higher;higher;no;yes;no;no;no;4;4;3;Low
921;female;17;rural;together;higher;primary;no;no;no;no;yes;4;2;3;Low
922;male;16;urban;together;general;general;no;no;no;no;no;5;1;3;Low
923;female;17;rural;together;general;general;no;yes;yes;no;no;5;1;3;Low
924;female;16;urban;together;higher;higher;no;yes;no;no;no;5;1;3;Low
925;male;17;urban;together;secondary;secondary;no;yes;no;yes;no;4;1;4;VeryHigh
926;male;17;urban;together;primary;primary;no;no;no;no;yes;5;1;3;Medium
927;male;16;urban;together;general;primary;no;no;no;no;yes;4;2;2;High
928;female;16;urban;together;general;primary;no;no;no;no;yes;3;2;2;VeryLow
929;male;16;urban;together;higher;higher;no;yes;no;no;no;4;1;2;VeryHigh
930;male;15;rural;together;primary;general;no;yes;no;yes;no;5;5;5;Medium
931;male;15;urban;apart;general;general;no;yes;no;yes;no;5;4;5;Medium
932;male;15;urban;apart;general;primary;no;no;no;yes;no;4;3;3;Low
933;female;16;rural;together;general;general;no;yes;no;no;yes;4;3;3;Low
934;female;16;urban;together;higher;primary;no;yes;no;yes;no;1;2;4;Low
935;female;17;urban;together;secondary;general;no;no;no;no;yes;4;3;3;Low
936;female;17;rural;together;general;general;yes;no;yes;no;no;5;1;3;VeryLow
937;female;16;urban;together;higher;higher;no;yes;no;no;yes;5;3;5;High
938;male;17;rural;together;higher;higher;no;no;no;yes;yes;3;3;3;Medium
939;male;17;rural;together;primary;secondary;no;no;no;yes;yes;5;1;2;Medium
940;male;17;urban;together;secondary;higher;no;yes;no;yes;yes;5;4;4;High
941;female;17;urban;together;higher;higher;no;yes;no;no;no;5;2;5;VeryLow
942;male;16;rural;together;higher;primary;no;no;no;no;no;4;1;2;VeryLow
943;female;17;urban;apart;primary;primary;no;no;no;yes;yes;4;5;5;Low
944;female;17;rural;together;higher;general;yes;yes;no;no;no;4;3;3;Medium
945;male;16;urban;apart;general;general;no;yes;no;no;yes;4;1;2;Low
946;male;17;urban;together;secondary;general;no;yes;yes;no;no;4;1;2;Low
947;male;19;urban;together;primary;primary;no;yes;no;yes;no;4;4;3;High
948;male;17;urban;apart;primary;none;no;no;no;no;yes;4;1;2;VeryLow
949;female;17;rural;together;primary;primary;no;yes;no;yes;yes;3;5;5;Low
950;female;16;rural;together;primary;general;yes;yes;no;no;yes;4;3;4;VeryLow
951;male;16;rural;together;primary;general;no;no;no;no;no;4;4;4;High
952;female;17;rural;together;secondary;primary;no;yes;no;yes;yes;5;4;4;VeryLow
953;male;17;rural;together;general;general;no;no;no;yes;yes;5;5;5;VeryHigh
954;male;18;rural;together;primary;none;yes;yes;no;no;no;4;3;2;VeryLow
955;male;17;rural;together;primary;primary;no;yes;no;yes;yes;4;5;5;Medium
956;male;18;urban;together;primary;primary;no;yes;no;yes;no;4;3;3;High
957;female;16;rural;together;general;general;no;no;no;yes;yes;5;4;3;VeryLow
958;male;17;urban;together;general;general;no;no;no;yes;yes;1;2;1;Medium
959;male;16;rural;together;secondary;general;no;no;no;no;no;4;5;5;Medium
960;male;16;rural;together;primary;primary;no;no;no;yes;no;4;5;5;High
961;male;18;rural;together;primary;primary;no;yes;no;no;yes;5;3;3;Medium
962;male;18;rural;together;secondary;general;no;no;no;no;no;2;3;1;Low
963;male;19;urban;together;secondary;general;no;no;no;yes;no;3;2;1;VeryLow
964;male;18;urban;together;secondary;secondary;no;yes;no;yes;no;4;4;5;Medium
965;male;16;rural;together;general;general;no;yes;no;yes;yes;5;4;3;High
966;male;19;urban;together;general;primary;no;no;no;yes;yes;4;4;3;Medium
967;female;16;urban;apart;secondary;general;no;yes;no;yes;yes;2;5;5;VeryLow
968;female;17;urban;together;primary;primary;no;yes;no;yes;no;4;3;2;Low
969;male;20;rural;together;primary;primary;no;yes;no;no;yes;4;4;3;High
970;female;18;rural;apart;higher;secondary;no;yes;no;no;no;5;4;4;High
971;male;18;rural;together;secondary;general;no;yes;no;no;no;2;5;5;VeryHigh
972;male;19;rural;together;primary;primary;no;no;no;no;no;5;4;4;Medium
973;male;17;urban;together;secondary;secondary;no;yes;no;no;no;4;5;4;Medium
974;male;18;urban;together;primary;secondary;no;no;no;no;yes;4;3;3;Medium
975;male;19;rural;together;primary;primary;no;yes;no;no;no;4;4;4;Medium
976;female;18;urban;apart;primary;general;no;yes;no;no;no;4;3;3;VeryLow
977;female;19;urban;apart;primary;primary;no;yes;no;no;no;1;4;4;VeryLow
978;female;18;rural;together;general;general;no;no;no;no;yes;5;5;5;VeryLow
979;female;17;rural;together;none;none;no;yes;no;no;no;4;4;3;VeryLow
980;female;17;rural;apart;secondary;primary;no;yes;yes;no;no;4;2;3;Low
981;female;17;urban;together;higher;general;yes;yes;no;yes;no;5;5;5;Medium
982;female;18;rural;together;general;general;no;yes;no;yes;no;2;3;3;Low
983;female;17;urban;together;higher;primary;no;yes;no;no;yes;3;2;2;VeryLow
984;female;17;urban;together;primary;general;no;no;no;no;no;5;5;1;VeryLow
985;female;18;urban;together;primary;primary;no;no;no;yes;yes;3;4;4;Low
986;female;18;urban;together;general;general;no;no;no;yes;no;4;3;5;VeryLow
987;female;17;urban;together;secondary;secondary;no;yes;no;no;no;4;4;3;VeryLow
988;female;18;urban;apart;primary;general;no;no;no;no;no;4;4;3;Low
989;female;18;urban;together;higher;higher;no;no;no;yes;no;4;3;5;Low
990;male;18;urban;together;higher;higher;no;yes;no;yes;no;5;4;5;VeryLow
991;female;17;urban;together;higher;general;no;yes;no;no;no;4;3;3;Low
992;female;18;rural;together;general;general;no;no;no;yes;yes;4;3;3;VeryLow
993;male;18;urban;together;primary;general;no;yes;no;no;no;4;1;4;VeryHigh
994;male;18;rural;together;higher;higher;no;yes;yes;yes;yes;2;5;5;VeryLow
995;male;17;rural;together;primary;primary;no;no;no;no;no;4;2;3;High
996;female;18;urban;together;general;general;no;yes;no;no;yes;1;3;1;VeryLow
997;female;18;urban;together;general;general;no;no;no;no;yes;5;4;5;High
998;female;18;rural;apart;higher;general;no;no;no;yes;yes;5;3;1;VeryLow
999;female;18;urban;together;primary;primary;no;no;no;no;no;4;4;2;Low
1000;female;19;urban;together;primary;primary;no;no;no;no;no;5;5;5;Medium
1001;female;17;urban;together;higher;general;no;no;no;no;yes;4;2;3;VeryLow
1002;female;17;rural;apart;general;primary;no;no;no;yes;yes;5;3;3;Low
1003;female;18;urban;apart;primary;primary;no;no;no;no;yes;5;2;3;Low
1004;female;18;urban;together;primary;general;no;yes;no;no;no;4;1;1;VeryLow
1005;female;19;rural;apart;primary;primary;no;yes;no;yes;yes;3;5;4;High
1006;female;18;rural;together;general;general;no;no;no;no;yes;4;2;1;VeryLow
1007;male;17;rural;together;higher;secondary;no;yes;yes;yes;yes;4;5;5;Medium
1008;female;18;urban;together;secondary;secondary;no;yes;no;no;yes;5;3;4;VeryLow
1009;female;17;rural;together;higher;higher;no;yes;yes;yes;no;4;3;3;Low
1010;female;17;urban;apart;secondary;general;no;no;no;no;yes;1;2;3;Low
1011;male;18;urban;together;primary;primary;no;no;no;no;yes;3;3;2;Low
1012;female;18;urban;together;primary;primary;no;no;no;no;no;5;3;2;VeryLow
1013;female;18;rural;apart;primary;general;no;no;no;no;yes;4;3;4;High
1014;female;18;urban;together;secondary;secondary;no;yes;no;no;yes;4;3;2;Medium
1015;female;17;urban;together;higher;higher;no;yes;no;yes;yes;2;3;4;VeryLow
1016;female;17;rural;together;primary;general;no;no;no;no;no;3;2;2;Low
1017;male;18;rural;together;primary;secondary;no;yes;yes;no;no;3;3;4;High
1018;male;18;urban;together;higher;higher;no;no;no;no;yes;4;2;2;Low
1019;female;17;rural;together;primary;primary;no;yes;no;no;yes;5;2;1;Low
1020;female;18;urban;together;general;secondary;no;yes;no;no;yes;5;2;3;Low
1021;female;18;rural;together;higher;higher;no;yes;no;no;yes;3;2;2;Low
1022;male;18;rural;together;primary;general;no;yes;no;yes;yes;4;3;3;Medium
1023;female;17;urban;together;general;general;no;no;no;yes;yes;3;4;3;VeryLow
1024;female;17;rural;together;primary;general;no;no;no;yes;no;3;5;5;Medium
1025;female;18;rural;together;higher;higher;no;no;no;no;no;5;4;4;VeryLow
1026;female;18;rural;together;primary;primary;no;no;no;no;no;4;3;2;Low
1027;female;19;rural;together;primary;primary;no;yes;no;no;yes;4;3;3;VeryLow
1028;female;18;rural;together;higher;higher;no;no;no;yes;no;5;4;3;High
1029;female;18;urban;together;secondary;secondary;no;no;no;no;yes;4;1;3;Low
1030;female;17;rural;together;secondary;primary;no;yes;no;yes;no;4;5;4;Medium
1031;male;18;urban;together;higher;higher;no;no;no;yes;no;3;2;4;High
1032;male;18;rural;together;general;primary;no;no;no;yes;yes;4;4;3;Medium
1033;male;17;urban;together;general;secondary;no;no;no;yes;no;4;4;3;VeryLow
1034;male;19;rural;together;primary;primary;no;no;no;no;no;4;3;2;Medium
1035;male;18;rural;together;higher;general;no;no;yes;no;no;5;4;3;Medium
1036;female;18;rural;together;general;general;no;no;no;no;no;5;3;3;Medium
1037;female;17;urban;together;higher;secondary;no;no;no;no;no;5;5;4;VeryLow
1038;female;18;rural;together;higher;higher;no;yes;no;yes;yes;4;4;3;Low
1039;female;19;rural;together;general;secondary;no;no;no;yes;no;5;4;2;Low
1040;female;18;urban;together;secondary;primary;no;yes;no;no;no;4;3;4;VeryLow
1041;female;18;urban;together;primary;primary;no;no;no;yes;no;1;1;1;VeryLow
1042;male;17;urban;together;secondary;primary;no;no;no;no;no;2;4;5;High
1043;male;18;rural;together;secondary;general;no;no;no;no;no;4;4;1;High
